{
  "accuracy": [
    0.6857143044471741,
    0.5714285969734192,
    0.6000000238418579,
    0.7428571581840515,
    0.6000000238418579,
    0.6285714507102966,
    0.6571428775787354,
    0.7428571581840515
  ],
  "auc": [
    0.6433566808700562,
    0.697552502155304,
    0.692307710647583,
    0.7569929957389832,
    0.6660839319229126,
    0.7727272510528564,
    0.7272727489471436,
    0.9125874042510986
  ],
  "loss": [
    0.8020260334014893,
    0.6667338013648987,
    0.7155525088310242,
    0.6472710967063904,
    0.7642105221748352,
    0.696073591709137,
    0.6765725612640381,
    0.39386817812919617
  ],
  "val_accuracy": [
    0.5,
    0.5,
    0.5,
    0.5,
    0.5,
    0.5,
    0.5,
    0.5
  ],
  "val_auc": [
    0.5,
    0.5,
    0.5,
    0.4285714328289032,
    0.5,
    0.5,
    0.5714285373687744,
    0.5714285969734192
  ],
  "val_loss": [
    0.6931543946266174,
    0.6934704184532166,
    0.6937527060508728,
    0.6936330795288086,
    0.6935120820999146,
    0.6934252381324768,
    0.6934517621994019,
    0.693552553653717
  ],
  "learning_rate": [
    9.999999747378752e-05,
    9.999999747378752e-05,
    9.999999747378752e-05,
    9.999999747378752e-05,
    4.999999873689376e-05,
    4.999999873689376e-05,
    4.999999873689376e-05,
    2.499999936844688e-05
  ]
}